<?xml version="1.0" encoding="UTF-8"?>
<project-private xmlns="http://www.netbeans.org/ns/project-private/1">
    <editor-bookmarks xmlns="http://www.netbeans.org/ns/editor-bookmarks/2" lastBookmarkId="0"/>
    <open-files xmlns="http://www.netbeans.org/ns/projectui-open-files/2">
        <group>
            <file>file:/D:/APAAJA/UTS-OOP-J-2301010425/JadwalKelas/src/jadwalkelas/JadwalKelas.java</file>
            <file>file:/D:/APAAJA/UTS-OOP-J-2301010425/JadwalKelas/src/jadwalkelas/MataKuliah.java</file>
            <file>file:/D:/APAAJA/UTS-OOP-J-2301010425/JadwalKelas/src/jadwalkelas/MataKuliahPilihan.java</file>
        </group>
    </open-files>
</project-private>
